Date,AUDUSD,NZDUSD,USDCAD
1/4/2016,0.728704,0.683293,1.38645
1/5/2016,0.718597,0.674582,1.39343
1/6/2016,0.716281,0.670107,1.3984
1/7/2016,0.708015,0.664319,1.40676
1/8/2016,0.701804,0.662559,1.4102
1/11/2016,0.6943,0.65189,1.4184
1/12/2016,0.698714,0.655609,1.4222
1/13/2016,0.698714,0.654493,1.4255
1/14/2016,0.693577,0.648719,1.4351
1/15/2016,0.699692,0.649014,1.43446
1/18/2016,0.686106,0.64433,1.4578
1/19/2016,0.6879,0.645453,1.45445
1/20/2016,0.691706,0.640287,1.45632
1/21/2016,0.693722,0.646287,1.4475
1/22/2016,0.701607,0.654579,1.42708
1/25/2016,0.700403,0.647501,1.41406
1/26/2016,0.693914,0.644912,1.4296
1/27/2016,0.700722,0.650787,1.4118
1/28/2016,0.701607,0.642715,1.40948
1/29/2016,0.708617,0.648004,1.40343
2/1/2016,0.706864,0.646998,1.39728
2/2/2016,0.711086,0.654579,1.395
2/3/2016,0.702988,0.652018,1.406
2/4/2016,0.715461,0.664717,1.37942
2/5/2016,0.719942,0.672993,1.37552
2/8/2016,0.708617,0.662998,1.3883
2/9/2016,0.707914,0.661901,1.3925
2/10/2016,0.706714,0.664231,1.38832
2/11/2016,0.710379,0.668494,1.3923
2/12/2016,0.712403,0.671501,1.39163
2/15/2016,0.711693,0.664011,1.38368
2/16/2016,0.714796,0.664894,1.38219
2/17/2016,0.711997,0.658198,1.38652
2/18/2016,0.717618,0.663394,1.36774
2/19/2016,0.715001,0.664496,1.37379
2/22/2016,0.714286,0.662603,1.3789
2/23/2016,0.723484,0.671411,1.3703
2/24/2016,0.71958,0.664011,1.3797
2/25/2016,0.719476,0.666445,1.3703
2/26/2016,0.723589,0.6749,1.3544
2/29/2016,0.712809,0.659196,1.3547
3/1/2016,0.714286,0.660415,1.35374
3/2/2016,0.718184,0.664099,1.3427
3/3/2016,0.72881,0.6664,1.3429
3/4/2016,0.735781,0.672495,1.3406
3/7/2016,0.741141,0.678979,1.333
3/8/2016,0.745823,0.678518,1.3293
3/9/2016,0.743384,0.674491,1.3417
3/10/2016,0.747105,0.664408,1.32477
3/11/2016,0.746213,0.668896,1.33378
3/14/2016,0.756315,0.674082,1.32357
3/15/2016,0.752106,0.668494,1.32728
3/16/2016,0.746324,0.661244,1.3354
3/17/2016,0.754717,0.674082,1.3116
3/18/2016,0.764994,0.683901,1.2984
3/21/2016,0.759763,0.67769,1.3046
3/22/2016,0.757174,0.676682,1.3092
3/23/2016,0.762021,0.6749,1.30501
3/24/2016,0.753352,0.672179,1.321
3/25/2016,0.752672,0.670286,1.32508
3/28/2016,0.750582,0.66778,1.3271
3/29/2016,0.755687,0.674218,1.31747
3/30/2016,0.764,0.686908,1.3063
3/31/2016,0.766107,0.690322,1.29766
4/1/2016,0.766989,0.692089,1.29906
4/4/2016,0.766871,0.689703,1.3036
4/5/2016,0.759994,0.681385,1.30767
4/6/2016,0.754603,0.680041,1.31412
4/7/2016,0.761209,0.683293,1.30808
4/8/2016,0.751371,0.678196,1.314
4/11/2016,0.756487,0.68171,1.29791
4/12/2016,0.759474,0.686106,1.29088
4/13/2016,0.768521,0.692377,1.2766
4/14/2016,0.766225,0.691515,1.28179
4/15/2016,0.769586,0.686483,1.2839
4/18/2016,0.764,0.688279,1.2979
4/19/2016,0.777122,0.698422,1.27692
4/20/2016,0.779666,0.703235,1.26962
4/21/2016,0.780214,0.697691,1.26455
4/22/2016,0.774293,0.690703,1.27243
4/25/2016,0.771081,0.686719,1.26702
4/26/2016,0.771724,0.687522,1.2675
4/27/2016,0.774773,0.689322,1.2608
4/28/2016,0.760398,0.692617,1.25838
4/29/2016,0.763417,0.696379,1.2553
5/2/2016,0.761731,0.70028,1.2543
5/3/2016,0.766378,0.703482,1.2529
5/4/2016,0.749963,0.693193,1.27001
5/5/2016,0.746714,0.688942,1.2862
5/6/2016,0.747608,0.689322,1.2852
5/9/2016,0.737626,0.684182,1.29281
5/10/2016,0.731689,0.677186,1.29568
5/11/2016,0.7373,0.680087,1.29163
5/12/2016,0.735781,0.681989,1.286
5/13/2016,0.731797,0.681989,1.2841
5/16/2016,0.727484,0.676819,1.29548
5/17/2016,0.72881,0.67838,1.28989
5/18/2016,0.731368,0.679717,1.29104
5/19/2016,0.7227,0.676178,1.3023
5/20/2016,0.723223,0.676178,1.3086
5/23/2016,0.722804,0.67659,1.3124
5/24/2016,0.722387,0.675356,1.3145
5/25/2016,0.719062,0.675311,1.3125
5/26/2016,0.718649,0.670916,1.3034
5/27/2016,0.722596,0.675311,1.29753
5/30/2016,0.718494,0.669389,1.3046
5/31/2016,0.71958,0.671006,1.3038
6/1/2016,0.723694,0.678518,1.30762
6/2/2016,0.725005,0.682082,1.30751
6/3/2016,0.723118,0.681803,1.3094
6/6/2016,0.7347,0.693914,1.29593
6/7/2016,0.737354,0.691372,1.28137
6/8/2016,0.744602,0.695314,1.27567
6/9/2016,0.749681,0.712911,1.2684
6/10/2016,0.741675,0.711794,1.27294
6/13/2016,0.737409,0.705119,1.27823
6/14/2016,0.738116,0.704424,1.28282
6/15/2016,0.735619,0.698714,1.28606
6/16/2016,0.74162,0.707914,1.2908
6/17/2016,0.738716,0.706265,1.29169
6/20/2016,0.743108,0.708918,1.28479
6/21/2016,0.746102,0.711693,1.2798
6/22/2016,0.745379,0.713216,1.2802
6/23/2016,0.751428,0.716178,1.2814
6/24/2016,0.753523,0.719994,1.2832
6/27/2016,0.743108,0.709421,1.3021
6/28/2016,0.735727,0.701607,1.30657
6/29/2016,0.740521,0.707814,1.3019
6/30/2016,0.746993,0.712403,1.29343
7/1/2016,0.744879,0.713623,1.2958
7/4/2016,0.74638,0.717618,1.2911
7/5/2016,0.753012,0.721397,1.28673
7/6/2016,0.74438,0.713216,1.30056
7/7/2016,0.75188,0.713419,1.296
7/8/2016,0.7494,0.723484,1.2997
7/11/2016,0.755915,0.729874,1.3045
7/12/2016,0.753807,0.723014,1.3123
7/13/2016,0.760572,0.729341,1.30576
7/14/2016,0.759647,0.726216,1.29743
7/15/2016,0.761499,0.716281,1.29083
7/18/2016,0.759013,0.707464,1.29569
7/19/2016,0.757518,0.703878,1.2958
7/20/2016,0.750751,0.704771,1.30266
7/21/2016,0.747161,0.69667,1.30672
7/22/2016,0.750694,0.700771,1.30737
7/25/2016,0.747608,0.701066,1.31355
7/26/2016,0.747608,0.699839,1.32229
7/27/2016,0.751654,0.706764,1.31755
7/28/2016,0.751744,0.709471,1.31373
7/29/2016,0.751258,0.709069,1.31519
8/1/2016,0.758783,0.719011,1.30583
8/2/2016,0.752842,0.71736,1.31225
8/3/2016,0.759994,0.720981,1.31054
8/4/2016,0.759013,0.715666,1.30695
8/5/2016,0.764,0.718081,1.30154
8/8/2016,0.76118,0.711896,1.31799
8/9/2016,0.766049,0.714643,1.31553
8/10/2016,0.76646,0.716435,1.31168
8/11/2016,0.771545,0.728969,1.3056
8/12/2016,0.769586,0.721188,1.29841
8/15/2016,0.765638,0.719269,1.29587
8/16/2016,0.767636,0.721657,1.29275
8/17/2016,0.770078,0.728916,1.28633
8/18/2016,0.766401,0.726903,1.28443
8/19/2016,0.767872,0.728332,1.27758
8/22/2016,0.760803,0.724953,1.28916
8/23/2016,0.763009,0.728491,1.294
8/24/2016,0.761383,0.727643,1.29195
8/25/2016,0.761035,0.731797,1.29314
8/26/2016,0.762486,0.730247,1.29124
8/29/2016,0.754432,0.722596,1.30148
8/30/2016,0.757748,0.726111,1.301
8/31/2016,0.752445,0.724113,1.30867
9/1/2016,0.751993,0.724585,1.31092
9/2/2016,0.755287,0.729395,1.3094
9/5/2016,0.756487,0.729607,1.2994
9/6/2016,0.759301,0.731101,1.29292
9/7/2016,0.768817,0.742225,1.28459
9/8/2016,0.76693,0.745156,1.28821
9/9/2016,0.765052,0.740576,1.2921
9/12/2016,0.754489,0.733622,1.3048
9/13/2016,0.756716,0.736377,1.303
9/14/2016,0.746938,0.725111,1.31577
9/15/2016,0.748223,0.72722,1.31936
9/16/2016,0.751315,0.732279,1.3159
9/19/2016,0.750188,0.727484,1.31987
9/20/2016,0.75375,0.73046,1.3202
9/21/2016,0.755801,0.732279,1.31818
9/22/2016,0.763242,0.734592,1.30826
9/23/2016,0.764935,0.731368,1.30469
9/26/2016,0.761615,0.723537,1.31516
9/27/2016,0.763382,0.727643,1.32274
9/28/2016,0.766989,0.729661,1.3207
9/29/2016,0.769408,0.728597,1.30642
9/30/2016,0.762835,0.724585,1.31527
10/3/2016,0.764409,0.726586,1.31326
10/4/2016,0.76864,0.729714,1.31159
10/5/2016,0.761093,0.718804,1.31965
10/6/2016,0.762369,0.717257,1.3177
10/7/2016,0.757805,0.716384,1.322
10/10/2016,0.759994,0.717206,1.32514
10/11/2016,0.759994,0.71286,1.3167
10/12/2016,0.756258,0.708366,1.32292
10/13/2016,0.755801,0.704821,1.32754
10/14/2016,0.756372,0.708667,1.32023
10/17/2016,0.759647,0.709019,1.31417
10/18/2016,0.764059,0.717412,1.31148
10/19/2016,0.76746,0.720617,1.31079
10/20/2016,0.772618,0.723223,1.31333
10/21/2016,0.763301,0.719114,1.3227
10/24/2016,0.760225,0.715666,1.3353
10/25/2016,0.759417,0.713012,1.3349
10/26/2016,0.765052,0.716897,1.3352
10/27/2016,0.764994,0.71541,1.33739
10/28/2016,0.759013,0.712657,1.33873
10/31/2016,0.759821,0.716589,1.3402
11/1/2016,0.760746,0.71582,1.34188
11/2/2016,0.764526,0.720721,1.3391
11/3/2016,0.765345,0.728385,1.3394
11/4/2016,0.76858,0.733245,1.33921
11/7/2016,0.767872,0.732064,1.33593
11/8/2016,0.772022,0.733891,1.33708
11/9/2016,0.774593,0.737137,1.32955
11/10/2016,0.764935,0.728969,1.34124
11/11/2016,0.760861,0.721813,1.34704
11/14/2016,0.754945,0.710985,1.35263
11/15/2016,0.757117,0.713216,1.35379
11/16/2016,0.755344,0.709522,1.34549
11/17/2016,0.749457,0.709723,1.34264
11/18/2016,0.739809,0.702099,1.35363
11/21/2016,0.732332,0.69979,1.3508
11/22/2016,0.737681,0.707764,1.3408
11/23/2016,0.741015,0.706914,1.3432
11/24/2016,0.737463,0.69979,1.35015
11/25/2016,0.741675,0.700918,1.3491
11/28/2016,0.744546,0.70497,1.3516
11/29/2016,0.749457,0.708516,1.34033
11/30/2016,0.748447,0.71347,1.34312
12/1/2016,0.73888,0.707764,1.34254
12/2/2016,0.742115,0.709824,1.33069
12/5/2016,0.74438,0.710278,1.33204
12/6/2016,0.74744,0.714337,1.3272
12/7/2016,0.747217,0.712708,1.3277
12/8/2016,0.748615,0.718236,1.3226
12/9/2016,0.745951,0.71803,1.3195
12/12/2016,0.744823,0.712911,1.31289
12/13/2016,0.749738,0.719994,1.31267
12/14/2016,0.749457,0.720409,1.31344
12/15/2016,0.74107,0.711794,1.32858
12/16/2016,0.736811,0.70492,1.33331
12/19/2016,0.729129,0.696379,1.33393
12/20/2016,0.725111,0.692905,1.34036
12/21/2016,0.726956,0.693001,1.33712
12/22/2016,0.723537,0.690417,1.34318
12/23/2016,0.722178,0.690608,1.34814
12/26/2016,0.717927,0.688563,1.35202
12/27/2016,0.718081,0.688326,1.35225
12/28/2016,0.719114,0.689703,1.35757
12/29/2016,0.718494,0.692713,1.35526
12/30/2016,0.723484,0.697204,1.34781
1/2/2017,0.720981,0.693433,1.3434
1/3/2017,0.719683,0.693193,1.34414
1/4/2017,0.722993,0.692377,1.34218
1/5/2017,0.728704,0.69633,1.3299
1/6/2017,0.733837,0.702149,1.32294
1/9/2017,0.731208,0.696767,1.32418
1/10/2017,0.735998,0.701804,1.32141
1/11/2017,0.73616,0.698422,1.3244
1/12/2017,0.744713,0.706714,1.31632
1/13/2017,0.748839,0.711187,1.31506
1/16/2017,0.749794,0.71316,1.3126
1/17/2017,0.747328,0.710071,1.3175
1/18/2017,0.75507,0.720279,1.30617
1/19/2017,0.75092,0.712819,1.3265
1/20/2017,0.756659,0.719342,1.33215
1/23/2017,0.757346,0.718969,1.33038
1/24/2017,0.758265,0.72361,1.32377
1/25/2017,0.759244,0.725689,1.31536
1/26/2017,0.757404,0.730082,1.30695
1/27/2017,0.753352,0.724501,1.309
1/30/2017,0.755361,0.727267,1.31315
1/31/2017,0.756544,0.729522,1.31023
2/1/2017,0.758035,0.729432,1.3036
2/2/2017,0.75838,0.725431,1.30487
2/3/2017,0.765462,0.72856,1.30303
2/6/2017,0.767601,0.73147,1.30182
2/7/2017,0.764584,0.731738,1.3085
2/8/2017,0.762253,0.729799,1.31903
2/9/2017,0.763172,0.723552,1.31458
2/10/2017,0.76259,0.719538,1.3133
2/13/2017,0.767012,0.719424,1.31179
2/14/2017,0.76424,0.71805,1.30715
2/15/2017,0.76693,0.717288,1.30812
2/16/2017,0.772147,0.722272,1.30677
2/17/2017,0.769823,0.721548,1.30752
2/20/2017,0.766801,0.71819,1.30882
2/21/2017,0.768876,0.717618,1.31052
2/22/2017,0.767636,0.71644,1.31463
2/23/2017,0.769704,0.718179,1.31646
2/24/2017,0.771307,0.72304,1.31006
2/27/2017,0.767048,0.719217,1.31193
2/28/2017,0.767636,0.71853,1.31869
3/1/2017,0.764228,0.717221,1.33113
3/2/2017,0.765755,0.71147,1.3352
3/3/2017,0.757232,0.70624,1.33927
3/6/2017,0.759474,0.703759,1.3382
3/7/2017,0.758921,0.699408,1.34014
3/8/2017,0.759497,0.696398,1.34105
3/9/2017,0.752899,0.691678,1.3486
3/10/2017,0.750751,0.68966,1.35068
3/13/2017,0.754375,0.692358,1.34585
3/14/2017,0.756659,0.691812,1.34512
3/15/2017,0.75655,0.692938,1.34725
3/16/2017,0.770594,0.702741,1.32968
3/17/2017,0.766989,0.698319,1.33226
3/20/2017,0.770475,0.702859,1.3333
3/21/2017,0.773036,0.70492,1.33377
3/22/2017,0.767413,0.704141,1.3357
3/23/2017,0.766942,0.704042,1.3332
3/24/2017,0.763417,0.702928,1.33485
3/27/2017,0.763301,0.704558,1.33245
3/28/2017,0.762893,0.704791,1.33885
3/29/2017,0.76524,0.70082,1.33774
3/30/2017,0.767048,0.703378,1.3331
3/31/2017,0.765521,0.700359,1.33325
4/3/2017,0.762992,0.700491,1.33258
4/4/2017,0.760514,0.70175,1.33846
4/5/2017,0.756888,0.697642,1.33979
4/6/2017,0.756779,0.69772,1.34344
4/7/2017,0.754148,0.697379,1.34184
4/10/2017,0.750723,0.69417,1.3407
4/11/2017,0.750694,0.696452,1.33225
4/12/2017,0.750362,0.695889,1.33256
4/13/2017,0.753909,0.699359,1.32425
4/14/2017,0.756601,0.69958,1.33364
4/17/2017,0.758093,0.701479,1.3313
4/18/2017,0.759186,0.701228,1.33255
4/19/2017,0.755915,0.704602,1.33821
4/20/2017,0.749625,0.703898,1.3483
4/21/2017,0.751908,0.699022,1.34759
4/24/2017,0.755572,0.70422,1.3483
4/25/2017,0.755972,0.701351,1.3549
4/26/2017,0.753693,0.695062,1.35739
4/27/2017,0.748033,0.69026,1.36196
4/28/2017,0.74672,0.68835,1.36279
5/1/2017,0.748341,0.687389,1.3642
5/2/2017,0.753409,0.692262,1.3672
5/3/2017,0.754318,0.696258,1.37067
5/4/2017,0.742887,0.688658,1.37273
5/5/2017,0.741235,0.687569,1.37512
5/8/2017,0.741581,0.690088,1.36713
5/9/2017,0.73888,0.692089,1.36937
5/10/2017,0.734241,0.689798,1.3707
5/11/2017,0.736106,0.683359,1.37107
5/12/2017,0.737898,0.684388,1.37039
5/15/2017,0.73929,0.686639,1.37176
5/16/2017,0.742054,0.689028,1.36283
5/17/2017,0.742115,0.689042,1.36123
5/18/2017,0.743108,0.693972,1.35989
5/19/2017,0.742225,0.68956,1.36035
5/22/2017,0.745212,0.693428,1.35162
5/23/2017,0.747105,0.700471,1.34919
5/24/2017,0.747161,0.700908,1.35212
5/25/2017,0.749749,0.704632,1.34129
5/26/2017,0.745601,0.701858,1.34834
5/29/2017,0.744435,0.705159,1.34534
5/30/2017,0.743882,0.705159,1.34734
5/31/2017,0.745935,0.708642,1.34702
6/1/2017,0.742666,0.708341,1.34904
6/2/2017,0.737953,0.7062,1.35155
6/5/2017,0.74287,0.71372,1.34984
6/6/2017,0.748727,0.713058,1.34777
6/7/2017,0.750976,0.718061,1.34496
6/8/2017,0.754205,0.718969,1.35105
6/9/2017,0.752831,0.71987,1.35221
6/12/2017,0.753012,0.72083,1.34561
6/13/2017,0.754774,0.720612,1.33114
6/14/2017,0.753807,0.720658,1.32404
6/15/2017,0.758898,0.724569,1.32423
6/16/2017,0.758553,0.720352,1.3256
6/19/2017,0.762137,0.726438,1.32118
6/20/2017,0.759192,0.722601,1.3226
6/21/2017,0.75761,0.723919,1.32699
6/22/2017,0.755087,0.724869,1.3325
6/23/2017,0.754148,0.72619,1.3231
6/26/2017,0.756767,0.728412,1.32617
6/27/2017,0.758438,0.728438,1.32574
6/28/2017,0.758668,0.726681,1.3183
6/29/2017,0.763592,0.730492,1.30386
6/30/2017,0.768521,0.730962,1.29926
7/3/2017,0.768829,0.733681,1.29746
7/4/2017,0.766618,0.728868,1.29903
7/5/2017,0.761209,0.729192,1.29315
7/6/2017,0.760092,0.728428,1.29592
7/7/2017,0.757978,0.728438,1.29785
7/10/2017,0.760514,0.72768,1.2881
7/12/2017,0.763901,0.722288,1.29108
7/13/2017,0.767919,0.725631,1.27498
7/14/2017,0.774054,0.732429,1.27268
7/17/2017,0.782522,0.735841,1.26418
7/18/2017,0.779101,0.727988,1.26969
7/19/2017,0.791828,0.735229,1.26318
7/20/2017,0.79602,0.736431,1.26
7/21/2017,0.794786,0.74034,1.25962
7/24/2017,0.792531,0.745279,1.25345
7/25/2017,0.79277,0.743981,1.25054
7/26/2017,0.793273,0.742198,1.25065
7/27/2017,0.800013,0.75257,1.2452
7/28/2017,0.797359,0.750413,1.25398
7/31/2017,0.798594,0.75201,1.24614
8/1/2017,0.799872,0.750751,1.2507
8/2/2017,0.795608,0.742639,1.25465
8/3/2017,0.79552,0.74101,1.2572
8/4/2017,0.795988,0.744713,1.25683
8/7/2017,0.793084,0.740911,1.2641
8/8/2017,0.791672,0.735949,1.2675
8/9/2017,0.789827,0.732499,1.26708
8/10/2017,0.78916,0.73551,1.26952
8/11/2017,0.786658,0.727389,1.27394
8/14/2017,0.790408,0.731652,1.26736
8/15/2017,0.785361,0.729639,1.27291
8/16/2017,0.782595,0.723322,1.27529
8/17/2017,0.79321,0.731657,1.26245
8/18/2017,0.787526,0.728269,1.2684
8/21/2017,0.792751,0.73109,1.25857
8/22/2017,0.793777,0.73273,1.25584
8/23/2017,0.791327,0.728141,1.25653
8/24/2017,0.791077,0.723531,1.25433
8/25/2017,0.790014,0.720721,1.25129
8/28/2017,0.79406,0.725121,1.24718
8/29/2017,0.792456,0.724438,1.25142
8/30/2017,0.795672,0.72589,1.25145
8/31/2017,0.790701,0.720388,1.26274
9/1/2017,0.793966,0.717911,1.2472
9/4/2017,0.79647,0.716779,1.23785
9/5/2017,0.794534,0.716158,1.24129
9/6/2017,0.800698,0.725911,1.23681
9/7/2017,0.80109,0.720342,1.22332
9/8/2017,0.805802,0.724848,1.21087
9/11/2017,0.805153,0.724129,1.21514
9/12/2017,0.802375,0.725431,1.21073
9/13/2017,0.802008,0.728332,1.2174
9/14/2017,0.797957,0.724958,1.21692
9/15/2017,0.800179,0.722961,1.2163
9/18/2017,0.79968,0.728932,1.2198
9/19/2017,0.797111,0.726559,1.22801
9/20/2017,0.800576,0.731459,1.22897
9/21/2017,0.801667,0.733369,1.23454
9/22/2017,0.793059,0.730012,1.23239
9/25/2017,0.796495,0.729091,1.2346
9/26/2017,0.793682,0.72731,1.23702
9/27/2017,0.787761,0.720362,1.23637
9/28/2017,0.785071,0.721641,1.24816
9/29/2017,0.784628,0.722282,1.24363
10/2/2017,0.78456,0.721928,1.24732
10/3/2017,0.782718,0.719228,1.2517
10/4/2017,0.783631,0.716332,1.24902
10/5/2017,0.78617,0.715722,1.2479
10/6/2017,0.779059,0.711359,1.25688
10/9/2017,0.777938,0.707119,1.25363
10/10/2017,0.775916,0.706609,1.25528
10/11/2017,0.778652,0.707379,1.2508
10/12/2017,0.780457,0.709849,1.24484
10/13/2017,0.782779,0.712992,1.2475
10/16/2017,0.788569,0.717721,1.2477
10/17/2017,0.784418,0.718509,1.2523
10/18/2017,0.78517,0.717659,1.2498
10/19/2017,0.784252,0.715482,1.24658
10/20/2017,0.787507,0.703052,1.24807
10/23/2017,0.780701,0.694218,1.2637
10/24/2017,0.78125,0.698319,1.2639
10/25/2017,0.777544,0.690369,1.2671
10/26/2017,0.77079,0.68936,1.2793
10/27/2017,0.765972,0.683761,1.2848
10/30/2017,0.766812,0.686139,1.28313
10/31/2017,0.769764,0.688241,1.28243
11/1/2017,0.76599,0.690489,1.28912
11/2/2017,0.767695,0.689232,1.28743
11/3/2017,0.771391,0.6913,1.28075
11/6/2017,0.765169,0.690942,1.276
11/7/2017,0.768994,0.694131,1.27136
11/8/2017,0.765509,0.691061,1.27614
11/9/2017,0.767872,0.69557,1.27278
11/10/2017,0.768262,0.694459,1.26783
11/13/2017,0.764701,0.69254,1.26918
11/14/2017,0.761499,0.689831,1.27367
11/15/2017,0.763126,0.687881,1.2735
11/17/2017,0.758731,0.685551,1.27579
11/20/2017,0.755401,0.680101,1.2792
11/21/2017,0.755572,0.681199,1.28133
11/22/2017,0.758489,0.68466,1.2774
11/23/2017,0.761383,0.687441,1.2705
11/24/2017,0.762567,0.68899,1.27126
11/27/2017,0.761197,0.687238,1.2714
11/28/2017,0.760717,0.692022,1.27584
11/29/2017,0.760549,0.690112,1.28147
11/30/2017,0.756659,0.688478,1.2862
12/1/2017,0.756344,0.683181,1.28914
12/4/2017,0.759013,0.685528,1.27181
12/5/2017,0.76041,0.686799,1.2677
12/6/2017,0.760462,0.687512,1.2694
12/7/2017,0.756687,0.688601,1.27869
12/8/2017,0.751202,0.68272,1.2858
12/11/2017,0.750807,0.684252,1.286
12/12/2017,0.75295,0.690961,1.2853
12/13/2017,0.755658,0.693828,1.2868
12/14/2017,0.763301,0.70243,1.2816
12/15/2017,0.766501,0.698959,1.27945
12/18/2017,0.765111,0.699849,1.28744
12/19/2017,0.766577,0.699482,1.28649
12/20/2017,0.765345,0.697092,1.28782
12/21/2017,0.767224,0.701631,1.28264
12/22/2017,0.770772,0.701429,1.2736
12/25/2017,0.771486,0.701508,1.2726
12/26/2017,0.772559,0.7028,1.27155
12/27/2017,0.773043,0.70325,1.2687
12/28/2017,0.777484,0.706969,1.26497
12/29/2017,0.779429,0.709341,1.25655
1/1/2018,0.780214,0.711389,1.25808
1/2/2018,0.780104,0.708818,1.2555
1/3/2018,0.783392,0.710021,1.25039
1/4/2018,0.78284,0.709019,1.25469
1/5/2018,0.78638,0.715599,1.24903
1/8/2018,0.786102,0.717041,1.23932
1/9/2018,0.784806,0.71754,1.24146
1/10/2018,0.781067,0.714449,1.24732
1/11/2018,0.784732,0.720648,1.25306
1/12/2018,0.788581,0.726079,1.2519
1/15/2018,0.790889,0.7249,1.24604
1/16/2018,0.796292,0.729661,1.24245
1/17/2018,0.79713,0.726892,1.24252
1/18/2018,0.797251,0.727289,1.24375
1/19/2018,0.800576,0.72965,1.24113
1/22/2018,0.800211,0.728831,1.24861
1/23/2018,0.800833,0.731909,1.2452
1/24/2018,0.800448,0.73629,1.24143
1/25/2018,0.804894,0.733719,1.23525
1/26/2018,0.802923,0.73108,1.2376
1/29/2018,0.811688,0.736269,1.2313
1/30/2018,0.809599,0.732509,1.23342
1/31/2018,0.81011,0.733988,1.23361
2/1/2018,0.806127,0.737588,1.2302
2/2/2018,0.804052,0.739793,1.22606
2/5/2018,0.790639,0.728221,1.2432
2/6/2018,0.787464,0.726691,1.25359
2/7/2018,0.789391,0.733159,1.25043
2/8/2018,0.781739,0.722752,1.2565
2/9/2018,0.77875,0.722611,1.25906
2/12/2018,0.78202,0.724669,1.2587
2/13/2018,0.785916,0.726301,1.2577
2/14/2018,0.786102,0.728269,1.2589
2/15/2018,0.792833,0.737441,1.24832
2/16/2018,0.794382,0.739891,1.2482
2/19/2018,0.791202,0.738793,1.25568
2/20/2018,0.790889,0.736388,1.2567
2/21/2018,0.78809,0.734231,1.2647
2/22/2018,0.779843,0.731679,1.26977
2/23/2018,0.783951,0.732402,1.2712
2/26/2018,0.78384,0.727908,1.26485
2/27/2018,0.784991,0.729139,1.2684
2/28/2018,0.779362,0.723521,1.27711
3/1/2018,0.776578,0.720762,1.2833
3/2/2018,0.77647,0.726143,1.28321
3/5/2018,0.77547,0.723061,1.28881
3/6/2018,0.776699,0.722512,1.29799
3/7/2018,0.778634,0.7283,1.29489
3/8/2018,0.782712,0.728698,1.29062
3/9/2018,0.779059,0.726048,1.28961
3/12/2018,0.786269,0.730834,1.28122
3/13/2018,0.78729,0.730119,1.28421
3/14/2018,0.785799,0.732987,1.2957
3/15/2018,0.787979,0.73155,1.2952
3/16/2018,0.778938,0.727088,1.30517
3/19/2018,0.771605,0.722752,1.3092
3/20/2018,0.770832,0.724302,1.30806
3/21/2018,0.769053,0.717932,1.30744
3/22/2018,0.777478,0.723081,1.28972
3/23/2018,0.769349,0.72161,1.29311
3/26/2018,0.770861,0.724092,1.28807
3/27/2018,0.775615,0.730268,1.28361
3/28/2018,0.768758,0.727008,1.28785
3/29/2018,0.766008,0.721163,1.29189
3/30/2018,0.76858,0.722919,1.2887
4/2/2018,0.768303,0.723589,1.28929
4/3/2018,0.765462,0.720311,1.2921
4/4/2018,0.768203,0.72638,1.28062
4/5/2018,0.771998,0.731898,1.27545
4/6/2018,0.76683,0.72628,1.27692
4/9/2018,0.768226,0.727468,1.27787
4/10/2018,0.769959,0.730759,1.2702
4/11/2018,0.776398,0.737099,1.25934
4/12/2018,0.776518,0.736865,1.2567
4/13/2018,0.775735,0.737942,1.25888
4/16/2018,0.777448,0.734873,1.26018
4/17/2018,0.777291,0.736681,1.2566
4/18/2018,0.776699,0.734069,1.25583
4/19/2018,0.778889,0.732483,1.2626
4/20/2018,0.772338,0.726,1.26649
4/23/2018,0.76599,0.72042,1.27667
4/24/2018,0.760341,0.715052,1.2844
4/25/2018,0.76063,0.711769,1.28213
4/26/2018,0.757117,0.707659,1.2836
4/27/2018,0.755687,0.706549,1.28703
4/30/2018,0.757518,0.708411,1.28398
5/1/2018,0.753239,0.703769,1.28314
5/2/2018,0.74829,0.700099,1.28452
5/3/2018,0.748671,0.699501,1.2882
5/4/2018,0.752842,0.704082,1.28506
5/7/2018,0.752423,0.702001,1.28558
5/8/2018,0.75188,0.702292,1.2879
5/9/2018,0.744934,0.696913,1.2944
5/10/2018,0.745935,0.69314,1.28497
5/11/2018,0.752615,0.696379,1.27698
5/14/2018,0.75511,0.69682,1.2781
5/15/2018,0.752598,0.691802,1.28
5/16/2018,0.746848,0.686361,1.28721
5/17/2018,0.751767,0.690479,1.2782
5/18/2018,0.750638,0.688478,1.28355
5/21/2018,0.752428,0.691439,1.28771
5/22/2018,0.758265,0.695338,1.27759
5/23/2018,0.757892,0.694203,1.2816
5/24/2018,0.756716,0.692909,1.2834
5/25/2018,0.757197,0.69314,1.2883
5/28/2018,0.755687,0.69208,1.29761
5/29/2018,0.754774,0.694001,1.29917
5/30/2018,0.748167,0.688942,1.303
5/31/2018,0.757117,0.698461,1.28931
6/1/2018,0.756212,0.700658,1.29441
6/4/2018,0.756882,0.69808,1.2954
6/5/2018,0.765404,0.703171,1.2924
6/6/2018,0.762462,0.702968,1.2939
6/7/2018,0.766577,0.703908,1.29458
6/8/2018,0.761441,0.701882,1.2982
6/11/2018,0.76019,0.703378,1.29689
6/12/2018,0.760462,0.70175,1.29872
6/13/2018,0.757576,0.70055,1.30159
6/14/2018,0.757071,0.702593,1.29733
6/15/2018,0.746547,0.696199,1.31161
6/18/2018,0.743992,0.6939,1.3197
6/19/2018,0.740357,0.69313,1.32112
6/20/2018,0.738825,0.690479,1.32788
6/21/2018,0.737409,0.686931,1.33066
6/22/2018,0.737898,0.687096,1.33174
6/25/2018,0.743837,0.691568,1.32788
6/26/2018,0.74096,0.688919,1.32976
6/27/2018,0.739169,0.685058,1.33016
6/28/2018,0.734322,0.67914,1.33294
6/29/2018,0.734646,0.67526,1.32552
7/2/2018,0.739864,0.677842,1.31478
7/3/2018,0.733891,0.671091,1.31874
7/4/2018,0.737844,0.675311,1.3142
7/5/2018,0.738171,0.676192,1.31391
7/6/2018,0.738662,0.679551,1.3136
7/9/2018,0.743633,0.683532,1.30959
7/10/2018,0.747049,0.684978,1.31103
7/11/2018,0.7414,0.681742,1.3143
7/12/2018,0.736589,0.675571,1.3207
7/13/2018,0.740686,0.677209,1.31652
7/16/2018,0.742115,0.676572,1.3156
7/17/2018,0.741471,0.678518,1.31363
7/18/2018,0.737741,0.677415,1.32034
7/19/2018,0.739891,0.679329,1.31679
7/20/2018,0.736279,0.674832,1.326
7/23/2018,0.743301,0.682161,1.31182
7/24/2018,0.738007,0.67832,1.3169
7/25/2018,0.742622,0.680504,1.31503
7/26/2018,0.74594,0.684481,1.30371
7/27/2018,0.738007,0.678619,1.3069
7/30/2018,0.740083,0.679662,1.3061
7/31/2018,0.74073,0.682361,1.3028
8/1/2018,0.74195,0.680342,1.3018
8/2/2018,0.740582,0.6795,1.29985
8/3/2018,0.736008,0.673768,1.30245
8/6/2018,0.73959,0.6746,1.30138
8/7/2018,0.738552,0.673029,1.3001
8/8/2018,0.742446,0.674059,1.30588
8/9/2018,0.742777,0.669469,1.3019
8/10/2018,0.737246,0.66069,1.30458
8/13/2018,0.72881,0.658501,1.315
8/14/2018,0.726797,0.657549,1.31322
8/15/2018,0.723589,0.657138,1.3056
8/16/2018,0.723369,0.655819,1.31434
8/17/2018,0.725953,0.658488,1.31595
8/20/2018,0.730818,0.662572,1.30598
8/21/2018,0.733649,0.664081,1.30415
8/22/2018,0.735981,0.670322,1.30343
8/23/2018,0.733299,0.669712,1.30077
8/24/2018,0.724323,0.662603,1.31014
8/27/2018,0.734408,0.670192,1.30088
8/28/2018,0.734862,0.67043,1.29633
8/29/2018,0.734107,0.671321,1.29295
8/30/2018,0.731192,0.671312,1.29042
8/31/2018,0.726164,0.664872,1.29859
9/3/2018,0.719321,0.660908,1.306
9/4/2018,0.720825,0.660895,1.30947
9/5/2018,0.718339,0.655394,1.31743
9/6/2018,0.719611,0.659848,1.31744
9/7/2018,0.719062,0.658319,1.31548
9/10/2018,0.711794,0.65371,1.3169
9/11/2018,0.710985,0.652082,1.31623
9/12/2018,0.711071,0.651636,1.30625
9/13/2018,0.717062,0.656151,1.3
9/14/2018,0.718804,0.65738,1.30054
9/17/2018,0.714592,0.654232,1.30427
9/18/2018,0.714592,0.656401,1.30635
9/19/2018,0.722601,0.658935,1.29716
9/20/2018,0.725953,0.664368,1.29181
9/21/2018,0.728651,0.668199,1.29088
9/24/2018,0.727855,0.668583,1.2913
9/25/2018,0.725321,0.664218,1.29487
9/26/2018,0.7249,0.664461,1.29572
9/27/2018,0.725789,0.666351,1.30367
9/28/2018,0.720513,0.661809,1.30364
10/1/2018,0.722392,0.662348,1.28406
10/2/2018,0.722857,0.660458,1.28121
10/3/2018,0.718752,0.658992,1.28189
10/4/2018,0.709623,0.650199,1.2878
10/5/2018,0.7081,0.64816,1.292
10/8/2018,0.705288,0.64372,1.2948
10/9/2018,0.707364,0.645161,1.2954
10/10/2018,0.711491,0.648803,1.2938
10/11/2018,0.706414,0.646091,1.30509
10/12/2018,0.712454,0.652759,1.30312
10/15/2018,0.710783,0.650089,1.30233
10/16/2018,0.713542,0.657298,1.29933
10/17/2018,0.713913,0.658302,1.29356
10/18/2018,0.711101,0.654519,1.3025
10/19/2018,0.709723,0.653881,1.30789
10/22/2018,0.711329,0.659448,1.31034
10/23/2018,0.707269,0.655411,1.3097
10/24/2018,0.709119,0.65536,1.30807
10/25/2018,0.706299,0.65108,1.30475
10/26/2018,0.708115,0.652861,1.30707
10/29/2018,0.709774,0.652912,1.30955
10/30/2018,0.706329,0.652788,1.31288
10/31/2018,0.709925,0.655901,1.3114
11/1/2018,0.708316,0.65255,1.31575
11/2/2018,0.720513,0.665128,1.30902
11/5/2018,0.719828,0.66492,1.31007
11/6/2018,0.721293,0.666058,1.31092
11/7/2018,0.72436,0.67415,1.31163
11/8/2018,0.72759,0.678509,1.31157
11/9/2018,0.726681,0.675178,1.31428
11/12/2018,0.7227,0.673029,1.31929
11/13/2018,0.717566,0.671831,1.3242
11/14/2018,0.723139,0.677002,1.32246
11/15/2018,0.723484,0.679256,1.3247
11/16/2018,0.727167,0.682491,1.3172
11/19/2018,0.731797,0.686238,1.31465
11/20/2018,0.729501,0.684088,1.31716
11/21/2018,0.721657,0.679108,1.3305
11/22/2018,0.726216,0.68278,1.3225
11/23/2018,0.725021,0.680888,1.31906
11/26/2018,0.72338,0.677282,1.3226
11/27/2018,0.72235,0.67764,1.32535
11/28/2018,0.722961,0.67987,1.32954
11/29/2018,0.730252,0.686931,1.3276
11/30/2018,0.732188,0.686582,1.3275
12/3/2018,0.737311,0.691109,1.32556
12/4/2018,0.735689,0.692799,1.31977
12/5/2018,0.734592,0.694112,1.3255
12/6/2018,0.726639,0.689441,1.336
12/7/2018,0.723118,0.688279,1.33937
12/10/2018,0.718494,0.68451,1.33274
12/11/2018,0.719099,0.68746,1.33979
12/12/2018,0.721293,0.6888,1.33784
12/13/2018,0.722126,0.685942,1.3346
12/14/2018,0.722491,0.685702,1.3347
12/17/2018,0.717566,0.679242,1.33879
12/18/2018,0.717721,0.68099,1.34123
12/19/2018,0.718804,0.685269,1.3457
12/20/2018,0.711389,0.677782,1.34749
12/21/2018,0.711592,0.677461,1.34984
12/24/2018,0.70502,0.67179,1.35954
12/25/2018,0.705219,0.673582,1.3608
12/26/2018,0.704612,0.67302,1.3586
12/27/2018,0.707479,0.673982,1.3573
12/28/2018,0.703532,0.670021,1.3619
12/31/2018,0.704473,0.670772,1.3622
1/1/2019,0.704176,0.672495,1.33943
1/2/2019,0.704791,0.671362,1.36254
1/3/2019,0.691898,0.663359,1.36312
1/4/2019,0.700624,0.668852,1.34788
1/7/2019,0.712378,0.67435,1.33693
1/8/2019,0.714592,0.67537,1.3296
1/9/2019,0.716332,0.67405,1.3247
1/10/2019,0.717566,0.679108,1.32115
1/11/2019,0.718701,0.678518,1.3239
1/14/2019,0.720513,0.682175,1.32674
1/15/2019,0.719942,0.682687,1.32761
1/16/2019,0.720767,0.682361,1.32596
1/17/2019,0.717309,0.677378,1.32587
1/18/2019,0.719031,0.676329,1.32802
1/21/2019,0.716384,0.674041,1.3275
1/22/2019,0.715891,0.672993,1.3295
1/23/2019,0.71221,0.675201,1.3356
1/24/2019,0.714796,0.679389,1.33411
1/25/2019,0.709119,0.676009,1.33505
1/28/2019,0.717942,0.683948,1.3221
1/29/2019,0.716599,0.683359,1.32603
1/30/2019,0.715922,0.6823,1.32714
1/31/2019,0.725468,0.689988,1.3141
2/1/2019,0.727167,0.691419,1.31259
2/4/2019,0.7249,0.689841,1.3099
2/5/2019,0.721402,0.68781,1.31165
2/6/2019,0.724375,0.690212,1.3124
2/7/2019,0.710995,0.67697,1.3213
2/8/2019,0.709542,0.674718,1.33109
2/11/2019,0.710177,0.676041,1.3274
2/12/2019,0.706349,0.673768,1.33
2/13/2019,0.71048,0.67415,1.32286
2/14/2019,0.70922,0.680809,1.32591
2/15/2019,0.710328,0.683261,1.3297
2/18/2019,0.714541,0.686549,1.3239
2/19/2019,0.713216,0.685659,1.3234
2/20/2019,0.716692,0.687994,1.32089
2/21/2019,0.717,0.685838,1.317
2/22/2019,0.710884,0.681431,1.32254
2/25/2019,0.715922,0.686582,1.3131
2/26/2019,0.717412,0.688591,1.31852
2/27/2019,0.719399,0.689579,1.3162
2/28/2019,0.714847,0.685359,1.3145
3/1/2019,0.710278,0.682198,1.31643
3/4/2019,0.710031,0.682291,1.32836
3/5/2019,0.70922,0.68237,1.33119
3/6/2019,0.708742,0.680092,1.33533
3/7/2019,0.703482,0.67714,1.3443
3/8/2019,0.702346,0.67648,1.34447
3/11/2019,0.703928,0.680689,1.3418
3/12/2019,0.707339,0.683714,1.33946
3/13/2019,0.706414,0.685382,1.3357
3/14/2019,0.708717,0.685838,1.3295
3/15/2019,0.706814,0.683714,1.33247
3/18/2019,0.708291,0.68436,1.3341
3/19/2019,0.709975,0.684603,1.3337
3/20/2019,0.708968,0.685589,1.3322
3/21/2019,0.713521,0.691898,1.3286
3/22/2019,0.710783,0.688222,1.3365
3/25/2019,0.708316,0.687748,1.3425
3/26/2019,0.711612,0.691271,1.3392
3/27/2019,0.713699,0.690818,1.33791
3/28/2019,0.708451,0.679828,1.34117
3/29/2019,0.708316,0.678182,1.34305
4/1/2019,0.711389,0.682412,1.3347
4/2/2019,0.71099,0.679025,1.3311
4/3/2019,0.705841,0.675229,1.3343
4/4/2019,0.711749,0.678979,1.3342
4/5/2019,0.711035,0.675799,1.33647
4/8/2019,0.710177,0.673174,1.3371
4/9/2019,0.712159,0.673941,1.33136
4/10/2019,0.712911,0.67526,1.33278
4/11/2019,0.716692,0.676851,1.33178
4/12/2019,0.712251,0.672459,1.33779
4/15/2019,0.717309,0.676869,1.33325
4/16/2019,0.717618,0.676759,1.3368
4/17/2019,0.716492,0.671019,1.33593
4/18/2019,0.717412,0.672649,1.3348
4/19/2019,0.714796,0.668731,1.3376
4/22/2019,0.715103,0.668628,1.33809
4/23/2019,0.713725,0.668311,1.33453
4/24/2019,0.709668,0.665438,1.34277
4/25/2019,0.701459,0.659548,1.3493
4/26/2019,0.701779,0.663319,1.3478
4/29/2019,0.704429,0.66672,1.346
4/30/2019,0.705517,0.667022,1.34547
5/1/2019,0.705129,0.665602,1.33879
5/2/2019,0.701459,0.662792,1.34389
5/3/2019,0.699545,0.661629,1.34692
5/6/2019,0.697331,0.66076,1.34722
5/7/2019,0.699252,0.660799,1.34489
5/8/2019,0.700849,0.65967,1.3469
5/9/2019,0.699496,0.658458,1.34723
5/10/2019,0.698709,0.658731,1.34653
5/13/2019,0.698509,0.659161,1.34394
5/14/2019,0.694589,0.657678,1.3476
5/15/2019,0.693914,0.65713,1.346
5/16/2019,0.692713,0.65634,1.34416
5/17/2019,0.689322,0.653531,1.3462
5/20/2019,0.690322,0.652801,1.34469
5/21/2019,0.692061,0.654039,1.34272
5/23/2019,0.687758,0.649519,1.34365
5/24/2019,0.68996,0.65226,1.34736
5/27/2019,0.693289,0.655751,1.3435
5/28/2019,0.691994,0.654652,1.3438
5/29/2019,0.692617,0.654549,1.34875
5/30/2019,0.69184,0.65144,1.3512
5/31/2019,0.690608,0.650669,1.35249
6/3/2019,0.692962,0.65342,1.35202
6/4/2019,0.697204,0.659278,1.34415
6/5/2019,0.699139,0.660969,1.33904
6/6/2019,0.697107,0.662734,1.342
6/7/2019,0.697545,0.661901,1.3354
6/10/2019,0.699589,0.665708,1.32689
6/11/2019,0.696112,0.661419,1.32652
6/12/2019,0.696088,0.658419,1.32802
6/13/2019,0.693049,0.657709,1.3333
6/14/2019,0.691324,0.655871,1.33273
6/17/2019,0.68789,0.649891,1.3409
6/18/2019,0.685401,0.64976,1.341
6/19/2019,0.688042,0.653458,1.3374
6/20/2019,0.688549,0.655458,1.32697
6/21/2019,0.692238,0.658471,1.31831
6/24/2019,0.69443,0.659748,1.32004
6/25/2019,0.696568,0.66241,1.3181
6/26/2019,0.696185,0.663341,1.31784
6/27/2019,0.698661,0.66807,1.3121
6/28/2019,0.700378,0.670192,1.30943
7/1/2019,0.702331,0.672319,1.30904
7/2/2019,0.696476,0.667512,1.3132
7/3/2019,0.699594,0.667882,1.3096
7/4/2019,0.703131,0.670916,1.30571
7/5/2019,0.702538,0.669178,1.30484
7/8/2019,0.698275,0.663108,1.30756
7/9/2019,0.697399,0.6628,1.31021
7/10/2019,0.692713,0.66014,1.3125
7/11/2019,0.696185,0.664549,1.3073
7/12/2019,0.697258,0.666378,1.30675
7/15/2019,0.701779,0.669492,1.3033
7/16/2019,0.704002,0.672441,1.30475
7/17/2019,0.701656,0.670219,1.30865
7/18/2019,0.701016,0.67336,1.3053
7/19/2019,0.706719,0.677732,1.30356
7/22/2019,0.70431,0.676087,1.3052
7/23/2019,0.703185,0.673991,1.3126
7/24/2019,0.699741,0.669949,1.31391
7/25/2019,0.697934,0.670169,1.31428
7/26/2019,0.695217,0.666049,1.3158
7/29/2019,0.690622,0.66372,1.3169
7/30/2019,0.689941,0.66309,1.31635
7/31/2019,0.687522,0.661778,1.31476
8/1/2019,0.68465,0.655278,1.3193
8/2/2019,0.680351,0.65545,1.32139
8/5/2019,0.679302,0.652273,1.32029
8/6/2019,0.676352,0.655991,1.32141
8/7/2019,0.676302,0.65324,1.32803
8/8/2019,0.675813,0.645128,1.33115
8/9/2019,0.681171,0.648572,1.3228
8/12/2019,0.677681,0.646279,1.32174
8/13/2019,0.675589,0.64482,1.32362
8/14/2019,0.679777,0.64622,1.3212
8/15/2019,0.675402,0.64389,1.331
8/16/2019,0.677277,0.643509,1.33169
8/19/2019,0.678661,0.642669,1.32669
8/20/2019,0.675584,0.64048,1.33278
8/21/2019,0.677521,0.641141,1.3315
8/22/2019,0.6785,0.640529,1.3286
8/23/2019,0.675584,0.638831,1.32953
8/26/2019,0.670808,0.636298,1.3313
8/27/2019,0.676956,0.638692,1.32522
8/28/2019,0.675438,0.636448,1.32852
8/29/2019,0.673959,0.63373,1.3307
8/30/2019,0.673582,0.63178,1.3281
9/2/2019,0.672766,0.63008,1.3317
9/3/2019,0.671249,0.630521,1.3333
9/4/2019,0.676398,0.63389,1.33383
9/5/2019,0.679995,0.635659,1.32253
9/6/2019,0.68118,0.637259,1.3229
9/9/2019,0.684669,0.642711,1.3168
9/10/2019,0.68653,0.642802,1.31689
9/11/2019,0.685852,0.641807,1.31457
9/12/2019,0.68738,0.642059,1.31845
9/13/2019,0.686389,0.640229,1.32115
9/16/2019,0.687994,0.638541,1.3213
9/17/2019,0.686295,0.6343,1.32408
9/18/2019,0.686625,0.636201,1.3239
9/19/2019,0.682571,0.632111,1.3294
9/20/2019,0.679279,0.629659,1.32573
9/23/2019,0.676901,0.626731,1.3266
9/24/2019,0.677599,0.629778,1.32607
9/25/2019,0.679948,0.63184,1.32406
9/26/2019,0.675539,0.6274,1.3257
9/27/2019,0.675402,0.62983,1.3268
9/30/2019,0.676087,0.628638,1.3235
10/1/2019,0.675311,0.626229,1.3242
10/2/2019,0.670871,0.624411,1.3217
10/3/2019,0.670961,0.6267,1.33283
10/4/2019,0.674532,0.63039,1.33367
10/7/2019,0.676453,0.631668,1.33063
10/8/2019,0.673251,0.629168,1.33024
10/9/2019,0.672812,0.629862,1.33214
10/10/2019,0.671817,0.628788,1.3335
10/11/2019,0.67632,0.632611,1.32859
10/14/2019,0.679639,0.632859,1.3199
10/15/2019,0.67754,0.630601,1.3224
10/16/2019,0.67532,0.629548,1.3202
10/17/2019,0.675639,0.628808,1.32
10/18/2019,0.682547,0.635481,1.31358
10/21/2019,0.684772,0.6386,1.3132
10/22/2019,0.687059,0.641198,1.30866
10/23/2019,0.68613,0.641182,1.3094
10/24/2019,0.68503,0.64217,1.3073
10/25/2019,0.681663,0.63778,1.30706
10/28/2019,0.6824,0.635869,1.3063
10/29/2019,0.68396,0.635389,1.30556
10/30/2019,0.685589,0.635211,1.3089
10/31/2019,0.689788,0.64096,1.31654
11/1/2019,0.689299,0.641499,1.31675
11/4/2019,0.6918,0.643509,1.314
11/5/2019,0.689028,0.640229,1.31516
11/6/2019,0.689085,0.637422,1.3151
11/7/2019,0.68773,0.636639,1.31856
11/8/2019,0.6861,0.6381,1.32271
11/11/2019,0.6858,0.633268,1.32252
11/12/2019,0.685025,0.636489,1.3232
11/13/2019,0.6844,0.633661,1.32367
11/14/2019,0.68395,0.641531,1.32519
11/15/2019,0.678831,0.638178,1.32498
11/18/2019,0.681598,0.64018,1.32224
11/19/2019,0.680522,0.639722,1.32068
11/20/2019,0.68249,0.643141,1.32713
11/21/2019,0.6799,0.6411,1.3302
11/22/2019,0.678942,0.6407,1.3278
11/25/2019,0.6792,0.640931,1.32957
11/26/2019,0.67764,0.641511,1.33031
11/27/2019,0.6789,0.642698,1.3269
11/28/2019,0.67672,0.641301,1.32856
11/29/2019,0.6769,0.642009,1.32797
12/2/2019,0.67648,0.643211,1.32839
12/3/2019,0.681882,0.649878,1.3303
12/4/2019,0.68487,0.65183,1.32919
12/5/2019,0.68496,0.65502,1.31927
12/6/2019,0.6833,0.654412,1.3176
12/9/2019,0.683532,0.655918,1.32498
12/10/2019,0.6828,0.654879,1.32371
12/11/2019,0.68114,0.654502,1.3231
12/12/2019,0.687049,0.65808,1.31727
12/13/2019,0.692713,0.66205,1.31527
12/16/2019,0.687479,0.65927,1.31834
12/17/2019,0.687432,0.65936,1.3163
12/18/2019,0.68526,0.656918,1.31592
12/19/2019,0.68547,0.658449,1.31139
12/20/2019,0.6893,0.661262,1.3123
12/23/2019,0.69039,0.660751,1.31464
12/24/2019,0.69252,0.66346,1.31482
12/25/2019,0.692185,0.6643,1.3164
12/26/2019,0.692473,0.6647,1.3155
12/27/2019,0.694637,0.667272,1.3108
12/30/2019,0.6983,0.670641,1.30734
12/31/2019,0.70014,0.673478,1.30606
1/1/2020,0.7017,0.67858,1.3002
1/2/2020,0.701951,0.673718,1.2973
1/3/2020,0.698519,0.670021,1.2983
1/6/2020,0.69442,0.665531,1.29866
1/7/2020,0.693731,0.666951,1.29639
1/8/2020,0.68604,0.663121,1.30031
1/9/2020,0.68738,0.665429,1.30365
1/10/2020,0.685321,0.660799,1.30625
1/13/2020,0.69006,0.663768,1.30654
1/14/2020,0.68989,0.662682,1.30556
1/15/2020,0.689655,0.660969,1.30655
1/16/2020,0.69078,0.661919,1.3038
1/17/2020,0.6901,0.663821,1.3039
1/20/2020,0.688179,0.661971,1.30636
1/21/2020,0.68764,0.66089,1.30454
1/22/2020,0.68469,0.659531,1.30735
1/23/2020,0.684299,0.659639,1.3139
1/24/2020,0.68398,0.661472,1.3127
1/27/2020,0.680189,0.657272,1.3159
1/28/2020,0.67617,0.654579,1.31877
1/29/2020,0.676421,0.654009,1.3164
1/30/2020,0.675219,0.65272,1.3197
1/31/2020,0.670826,0.648542,1.32113
2/3/2020,0.669362,0.645949,1.32404
2/4/2020,0.66905,0.646112,1.3294
2/5/2020,0.673179,0.64938,1.32824
2/6/2020,0.67518,0.648189,1.32843
2/7/2020,0.6734,0.6463,1.3284
2/10/2020,0.667232,0.639959,1.33096
2/11/2020,0.66901,0.638859,1.3317
2/12/2020,0.6721,0.640652,1.32904
2/13/2020,0.67132,0.644712,1.32561
2/14/2020,0.6722,0.644309,1.32639
2/17/2020,0.672599,0.644658,1.32452
2/18/2020,0.6712,0.643898,1.3235
2/19/2020,0.6696,0.639452,1.32537
2/20/2020,0.6684,0.638982,1.32204
2/21/2020,0.66138,0.633248,1.32598
2/24/2020,0.66069,0.632331,1.3253
2/25/2020,0.661201,0.634429,1.32874
2/26/2020,0.66052,0.632159,1.32792
2/27/2020,0.654652,0.628682,1.33453
2/28/2020,0.65802,0.63117,1.33862
3/2/2020,0.651631,0.62294,1.34071
3/3/2020,0.65475,0.626559,1.33251
3/4/2020,0.65822,0.62692,1.33776
3/5/2020,0.66269,0.630028,1.33846
3/6/2020,0.661551,0.631309,1.33938
3/9/2020,0.661358,0.632939,1.36222
3/10/2020,0.6598,0.634152,1.3658
3/11/2020,0.64991,0.62681,1.37318
3/12/2020,0.64794,0.626429,1.3773
3/13/2020,0.627412,0.611449,1.39428
3/16/2020,0.617768,0.6051,1.37978
3/17/2020,0.609942,0.604471,1.40106
3/18/2020,0.59922,0.59493,1.42392
3/19/2020,0.58098,0.573069,1.4445
3/20/2020,0.57429,0.568476,1.44982
3/23/2020,0.575331,0.56261,1.44594
3/24/2020,0.58766,0.574419,1.44769
3/25/2020,0.59755,0.582971,1.4439
3/26/2020,0.59081,0.58122,1.42171
3/27/2020,0.60791,0.5979,1.40374
3/30/2020,0.618058,0.605829,1.40469
3/31/2020,0.616899,0.60098,1.41787
4/1/2020,0.6137,0.595139,1.4078
4/2/2020,0.60914,0.59369,1.41514
4/3/2020,0.606322,0.591439,1.41293
4/6/2020,0.59947,0.585401,1.4252
4/7/2020,0.61176,0.595061,1.41123
4/8/2020,0.61522,0.596299,1.4014
4/9/2020,0.623531,0.60167,1.40038
4/10/2020,0.63326,0.607722,1.39861
4/13/2020,0.633521,0.607541,1.39684
4/14/2020,0.640111,0.61027,1.38731
4/15/2020,0.64343,0.61012,1.38809
4/16/2020,0.63089,0.599599,1.41191
4/17/2020,0.63586,0.599869,1.40395
4/20/2020,0.634019,0.601551,1.4048
4/21/2020,0.63457,0.604511,1.41292
4/22/2020,0.6294,0.59641,1.4189
4/23/2020,0.6299,0.592421,1.41838
4/24/2020,0.63768,0.600572,1.4065
4/27/2020,0.639754,0.60217,1.4108
4/28/2020,0.644912,0.60246,1.40362
4/29/2020,0.65027,0.60781,1.3983
4/30/2020,0.655501,0.6142,1.38743
5/1/2020,0.64955,0.612029,1.39529
5/4/2020,0.637682,0.601641,1.4135
5/5/2020,0.642612,0.60503,1.40837
5/6/2020,0.6436,0.60531,1.40422
5/7/2020,0.639076,0.6007,1.41629
5/8/2020,0.65033,0.60957,1.39695
5/11/2020,0.65371,0.614319,1.39241
5/12/2020,0.648466,0.60777,1.4018
5/13/2020,0.64553,0.606999,1.40809
5/14/2020,0.645494,0.599909,1.4089
5/15/2020,0.647124,0.601301,1.4033
5/18/2020,0.642579,0.593669,1.4091
5/19/2020,0.6526,0.60406,1.3939
5/20/2020,0.654009,0.60865,1.3938
5/21/2020,0.65923,0.61481,1.39045
5/22/2020,0.656689,0.61234,1.3947
5/25/2020,0.654579,0.610501,1.39859
5/26/2020,0.65474,0.610661,1.39718
5/27/2020,0.66467,0.61984,1.37825
5/28/2020,0.662081,0.618739,1.37548
5/29/2020,0.66335,0.619978,1.3774
6/1/2020,0.665978,0.619901,1.3778
6/2/2020,0.6786,0.62818,1.35825
6/3/2020,0.69142,0.638549,1.351
6/4/2020,0.692905,0.642839,1.34938
6/5/2020,0.69399,0.646379,1.35016
6/8/2020,0.70024,0.653761,1.33928
6/9/2020,0.702449,0.65675,1.3368
6/10/2020,0.6943,0.64973,1.3422
6/11/2020,0.69683,0.651059,1.34284
6/12/2020,0.683088,0.641301,1.36379
6/15/2020,0.682501,0.641721,1.36371
6/16/2020,0.69582,0.64992,1.35339
6/17/2020,0.689532,0.64602,1.35335
6/18/2020,0.68757,0.64464,1.35758
6/19/2020,0.685721,0.642938,1.35924
6/22/2020,0.682291,0.640201,1.3617
6/23/2020,0.69316,0.6496,1.35018
6/24/2020,0.69403,0.65003,1.35422
6/25/2020,0.685678,0.640402,1.36438
6/26/2020,0.688819,0.643079,1.3635
6/29/2020,0.686191,0.641939,1.36783
6/30/2020,0.687191,0.64274,1.36566
7/1/2020,0.6902,0.645111,1.35742
7/2/2020,0.691324,0.64792,1.3591
7/3/2020,0.69192,0.650919,1.35697
7/6/2020,0.69484,0.653838,1.35491
7/7/2020,0.6977,0.655888,1.35389
7/8/2020,0.694232,0.654939,1.3604
7/9/2020,0.69891,0.657402,1.35172
7/10/2020,0.695894,0.65694,1.358
7/13/2020,0.695028,0.6575,1.3598
7/14/2020,0.694011,0.653838,1.36104
7/15/2020,0.6989,0.65436,1.35994
7/16/2020,0.700918,0.6573,1.35069
7/17/2020,0.6978,0.654211,1.35689
7/20/2020,0.7005,0.65625,1.35748
7/21/2020,0.702593,0.658141,1.35249
7/22/2020,0.71356,0.66469,1.34478
7/23/2020,0.714082,0.665739,1.34172
7/24/2020,0.71001,0.663561,1.34038
7/27/2020,0.709819,0.66447,1.34168
7/28/2020,0.7159,0.668838,1.33389
7/29/2020,0.716025,0.66606,1.33796
7/30/2020,0.71717,0.665659,1.3342
7/31/2020,0.720368,0.669689,1.34128
8/3/2020,0.714689,0.663711,1.33972
8/4/2020,0.711794,0.66154,1.3394
8/5/2020,0.71771,0.664549,1.32958
8/6/2020,0.71991,0.664819,1.32648
8/7/2020,0.7231,0.668449,1.33184
8/10/2020,0.715712,0.66011,1.33868
8/11/2020,0.7158,0.659348,1.3354
8/12/2020,0.71452,0.65694,1.33105
8/13/2020,0.716486,0.657648,1.32436
8/14/2020,0.71488,0.654729,1.32196
8/17/2020,0.719259,0.654382,1.32524
8/18/2020,0.721813,0.655471,1.32218
8/19/2020,0.725795,0.661039,1.31523
8/20/2020,0.718804,0.656159,1.32122
8/21/2020,0.720612,0.654211,1.31724
8/24/2020,0.716137,0.653881,1.31799
8/25/2020,0.71689,0.653,1.32176
8/26/2020,0.719932,0.655299,1.3163
8/27/2020,0.724501,0.663341,1.3138
8/28/2020,0.72699,0.664531,1.31216
8/31/2020,0.7373,0.674532,1.30803
9/1/2020,0.7381,0.67326,1.3035
9/2/2020,0.737849,0.67686,1.3053
9/3/2020,0.733111,0.67675,1.30446
9/4/2020,0.725584,0.66891,1.31397
9/7/2020,0.728221,0.67129,1.30757
9/8/2020,0.7281,0.669102,1.30958
9/9/2020,0.72094,0.661262,1.32391
9/10/2020,0.72766,0.668208,1.31525
9/11/2020,0.7263,0.664699,1.31895
9/14/2020,0.728152,0.66853,1.31812
9/15/2020,0.7286,0.669972,1.31767
9/16/2020,0.729682,0.671091,1.31928
9/17/2020,0.72955,0.67217,1.31815
9/18/2020,0.73131,0.67627,1.31502
9/21/2020,0.729341,0.6759,1.31972
9/22/2020,0.723118,0.6666,1.33
9/23/2020,0.717443,0.66324,1.3297
9/24/2020,0.7069,0.654519,1.33835
9/25/2020,0.705716,0.65499,1.33514
9/28/2020,0.704191,0.655179,1.33788
9/29/2020,0.70952,0.656802,1.33568
9/30/2020,0.71436,0.660092,1.33838
10/1/2020,0.716651,0.662278,1.33053
10/2/2020,0.718288,0.665141,1.3284
10/5/2020,0.717721,0.66398,1.3291
10/6/2020,0.719321,0.66538,1.3257
10/7/2020,0.71101,0.659,1.33213
10/8/2020,0.71382,0.65741,1.32578
10/9/2020,0.7178,0.658939,1.31921
10/12/2020,0.72246,0.66644,1.313
10/13/2020,0.721188,0.664929,1.31125
10/14/2020,0.71644,0.66554,1.31418
10/15/2020,0.714148,0.665619,1.31486
10/16/2020,0.70884,0.659892,1.32251
10/19/2020,0.7096,0.661778,1.31793
10/20/2020,0.705617,0.659309,1.31897
10/21/2020,0.705,0.658081,1.31205
10/22/2020,0.71056,0.66462,1.31532
10/23/2020,0.71261,0.66716,1.31367
10/26/2020,0.713201,0.66844,1.31472
10/27/2020,0.71171,0.6678,1.32061
10/28/2020,0.71231,0.67008,1.31918
10/29/2020,0.70552,0.664969,1.33105
10/30/2020,0.70376,0.662972,1.33153
11/2/2020,0.70082,0.659848,1.33679
11/3/2020,0.70537,0.66324,1.32205
11/4/2020,0.719683,0.672902,1.31021
11/5/2020,0.71805,0.670008,1.31264
11/6/2020,0.72627,0.676489,1.30821
11/9/2020,0.728672,0.67975,1.30223
11/10/2020,0.7282,0.682519,1.30071
11/11/2020,0.72817,0.682822,1.3031
11/12/2020,0.728428,0.69025,1.30582
11/13/2020,0.724019,0.683901,1.3136
11/16/2020,0.729081,0.687148,1.31236
11/17/2020,0.7321,0.690808,1.30753
11/18/2020,0.7296,0.6893,1.3105
11/19/2020,0.730199,0.692209,1.30842
11/20/2020,0.72691,0.69066,1.30857
11/23/2020,0.7317,0.694691,1.30822
11/24/2020,0.72982,0.693111,1.30744
11/25/2020,0.73667,0.69791,1.29964
11/26/2020,0.736485,0.700408,1.3002
11/27/2020,0.7358,0.700339,1.30204
11/30/2020,0.740028,0.703502,1.29826
12/1/2020,0.73568,0.701882,1.2992
12/2/2020,0.738089,0.706999,1.2933
12/3/2020,0.7418,0.70715,1.29172
12/4/2020,0.7439,0.707339,1.28646
12/7/2020,0.743157,0.70414,1.27796
12/8/2020,0.74176,0.704052,1.2802
12/9/2020,0.7411,0.704072,1.28162
12/10/2020,0.7435,0.701641,1.28244
12/11/2020,0.75244,0.709401,1.27392
12/14/2020,0.75511,0.709849,1.27506
12/15/2020,0.75392,0.708582,1.27603
12/16/2020,0.755561,0.708682,1.26996
12/17/2020,0.757,0.71104,1.2747
12/18/2020,0.76153,0.714791,1.2731
12/21/2020,0.758743,0.71049,1.28106
12/22/2020,0.75752,0.709668,1.28532
12/23/2020,0.75517,0.705428,1.28933
12/24/2020,0.75796,0.70968,1.28455
12/25/2020,0.76068,0.71375,1.28482
12/28/2020,0.761191,0.711561,1.28396
12/29/2020,0.758892,0.7108,1.284
12/30/2020,0.76099,0.71486,1.28221
12/31/2020,0.768929,0.72154,1.27507
1/1/2021,0.770297,0.7182,1.23499
1/4/2021,0.77123,0.719839,1.27221
1/5/2021,0.7671,0.717829,1.2781
1/6/2021,0.7766,0.725689,1.26747
1/7/2021,0.7817,0.730578,1.26654
1/8/2021,0.7769,0.726549,1.26838
1/11/2021,0.771653,0.719932,1.27308
1/12/2021,0.77075,0.717401,1.27714
1/13/2021,0.777605,0.72293,1.27077
1/14/2021,0.774713,0.719031,1.26981
1/15/2021,0.77758,0.721771,1.26477
1/18/2021,0.768888,0.712251,1.27647
1/19/2021,0.768699,0.711582,1.2748
1/20/2021,0.77118,0.71288,1.27227
1/21/2021,0.77557,0.718639,1.2626
1/22/2021,0.776102,0.7216,1.26467
1/25/2021,0.77158,0.71837,1.27229
1/26/2021,0.7719,0.71999,1.27375
1/27/2021,0.775314,0.72369,1.26939
1/28/2021,0.7651,0.71427,1.2816
1/29/2021,0.76697,0.717443,1.28309
2/1/2021,0.761998,0.716338,1.28022
2/2/2021,0.76346,0.716548,1.2846
2/3/2021,0.760821,0.719668,1.27851
2/4/2021,0.7636,0.72197,1.2784
2/5/2021,0.7603,0.71603,1.28229
2/8/2021,0.76792,0.721163,1.27584
2/9/2021,0.7711,0.72267,1.27377
2/10/2021,0.77405,0.72438,1.26971
2/11/2021,0.772535,0.72182,1.2696
2/12/2021,0.7754,0.723118,1.27006
2/15/2021,0.77641,0.721949,1.26879
2/16/2021,0.77862,0.723359,1.26356
2/17/2021,0.77379,0.71899,1.2709
2/18/2021,0.77587,0.719399,1.26999
2/19/2021,0.7768,0.72187,1.26809
2/22/2021,0.788849,0.731272,1.25987
2/23/2021,0.79154,0.732982,1.2609
2/24/2021,0.790883,0.73387,1.25926
2/25/2021,0.797703,0.74453,1.251
2/26/2021,0.787,0.736551,1.26099
3/1/2021,0.775242,0.727119,1.2696
3/2/2021,0.7772,0.72742,1.26415
3/3/2021,0.78252,0.729299,1.26356
3/4/2021,0.77581,0.723191,1.26707
3/5/2021,0.77156,0.717829,1.26779
3/8/2021,0.77091,0.71786,1.26319
3/9/2021,0.765667,0.713262,1.26579
3/10/2021,0.771784,0.717958,1.26431
3/11/2021,0.7732,0.719217,1.26201
3/12/2021,0.778762,0.722752,1.25314
3/15/2021,0.7763,0.718732,1.24693
3/16/2021,0.775014,0.720352,1.24755
3/17/2021,0.774557,0.7193,1.24427
3/18/2021,0.7813,0.725121,1.239
3/19/2021,0.77537,0.71681,1.24909
3/22/2021,0.77225,0.7152,1.25229
3/23/2021,0.77455,0.713318,1.25208
3/24/2021,0.76047,0.699022,1.25901
3/25/2021,0.7591,0.696952,1.25767
3/26/2021,0.7594,0.696782,1.26018
3/29/2021,0.763738,0.699408,1.25842
3/30/2021,0.764117,0.700972,1.25904
3/31/2021,0.76088,0.699242,1.26208
4/1/2021,0.75941,0.698358,1.25643
4/2/2021,0.7619,0.7025,1.2546
4/5/2021,0.7621,0.703111,1.2564
4/6/2021,0.765873,0.706669,1.25202
4/7/2021,0.766695,0.706369,1.25714
4/8/2021,0.761388,0.701341,1.26127
4/9/2021,0.7659,0.70615,1.25622
4/12/2021,0.7626,0.703982,1.25308
4/13/2021,0.762771,0.70324,1.2559
4/14/2021,0.76475,0.70612,1.25371
4/15/2021,0.77251,0.714,1.2517
4/16/2021,0.77517,0.717571,1.25437
4/19/2021,0.771403,0.712718,1.25176
4/20/2021,0.7767,0.719088,1.25217
4/21/2021,0.77238,0.716548,1.26115
4/22/2021,0.77544,0.72044,1.25037
4/23/2021,0.770535,0.71543,1.25029
4/26/2021,0.774311,0.719171,1.24876
4/27/2021,0.77997,0.723008,1.2396
4/28/2021,0.777,0.72042,1.24062
4/29/2021,0.78013,0.7273,1.23029
4/30/2021,0.777762,0.724737,1.22762
5/3/2021,0.7723,0.71699,1.22791
5/4/2021,0.775891,0.719808,1.22801
5/5/2021,0.77138,0.71627,1.23002
5/6/2021,0.77512,0.721928,1.22671
5/7/2021,0.778731,0.723291,1.2154
5/10/2021,0.785879,0.729607,1.2114
5/11/2021,0.7839,0.72713,1.20937
5/12/2021,0.78381,0.726269,1.20964
5/13/2021,0.77323,0.716409,1.21206
5/14/2021,0.77262,0.718298,1.21683
5/17/2021,0.777871,0.724391,1.2111
5/18/2021,0.77737,0.721912,1.20615
5/19/2021,0.778998,0.723798,1.20727
5/20/2021,0.77203,0.716312,1.21323
5/21/2021,0.777,0.719657,1.20625
5/24/2021,0.773,0.717319,1.2067
5/25/2021,0.77508,0.72148,1.20498
5/26/2021,0.775314,0.722439,1.2064
5/27/2021,0.77399,0.727829,1.21301
5/28/2021,0.77425,0.728428,1.20702
5/31/2021,0.77101,0.724291,1.20778
6/1/2021,0.77435,0.727728,1.20607
6/2/2021,0.77559,0.725331,1.2069
6/3/2021,0.77443,0.723348,1.2038
6/4/2021,0.766577,0.71486,1.2107
6/7/2021,0.7744,0.72097,1.20758
6/8/2021,0.77563,0.722549,1.20867
6/9/2021,0.7737,0.719031,1.21114
6/10/2021,0.77295,0.71718,1.21146
6/11/2021,0.7748,0.718949,1.2093
6/14/2021,0.770891,0.713898,1.2158
6/15/2021,0.7712,0.714378,1.2141
6/16/2021,0.768622,0.712251,1.21856
6/17/2021,0.761673,0.707119,1.2278
6/18/2021,0.75569,0.701538,1.23452
6/21/2021,0.7504,0.694908,1.24499
6/22/2021,0.75349,0.698631,1.237
6/23/2021,0.755481,0.701799,1.231
6/24/2021,0.757444,0.704558,1.23033
6/25/2021,0.758208,0.706319,1.23223
6/28/2021,0.7595,0.706899,1.22919
6/29/2021,0.75684,0.70489,1.2334
6/30/2021,0.75136,0.69898,1.23962
7/1/2021,0.74977,0.699668,1.23927
7/2/2021,0.746581,0.696369,1.24407
7/5/2021,0.75186,0.702588,1.233
7/6/2021,0.7543,0.705209,1.23399
7/7/2021,0.7495,0.701769,1.24581
7/8/2021,0.748441,0.701341,1.24817
7/9/2021,0.743329,0.694908,1.2528
7/12/2021,0.749008,0.700619,1.2447
7/13/2021,0.7481,0.698661,1.24552
7/14/2021,0.7442,0.694411,1.2521
7/15/2021,0.748038,0.703878,1.25155
7/16/2021,0.7423,0.701149,1.2589
7/19/2021,0.7391,0.699482,1.26169
7/20/2021,0.73392,0.6936,1.2746
7/21/2021,0.733891,0.692382,1.26751
7/22/2021,0.735262,0.696098,1.25689
7/23/2021,0.73805,0.69811,1.2564
7/26/2021,0.736822,0.698368,1.25675
7/27/2021,0.738825,0.70048,1.254
7/28/2021,0.736637,0.69635,1.25912
7/29/2021,0.73771,0.696059,1.25197
7/30/2021,0.73961,0.70111,1.24493
8/2/2021,0.734231,0.69749,1.24667
8/3/2021,0.73606,0.698719,1.25011
8/4/2021,0.73968,0.704578,1.25333
8/5/2021,0.7383,0.704409,1.2545
8/6/2021,0.7403,0.704851,1.25013
8/9/2021,0.733783,0.69933,1.25709
8/10/2021,0.7331,0.699198,1.25738
8/11/2021,0.73438,0.700648,1.2519
8/12/2021,0.737409,0.704181,1.25068
8/13/2021,0.73415,0.70052,1.252
8/16/2021,0.736572,0.703982,1.2516
8/17/2021,0.734107,0.702849,1.25696
8/18/2021,0.72556,0.692789,1.26265
8/19/2021,0.7231,0.687451,1.26631
8/20/2021,0.71462,0.682031,1.28313
8/23/2021,0.71398,0.683088,1.2826
8/24/2021,0.72096,0.689408,1.2651
8/25/2021,0.72488,0.693808,1.2596
8/26/2021,0.72766,0.697282,1.25887
8/27/2021,0.72384,0.694531,1.26849
8/30/2021,0.731598,0.701238,1.2611
8/31/2021,0.729123,0.699819,1.26089
9/1/2021,0.73179,0.705169,1.26161
9/2/2021,0.7368,0.706589,1.26217
9/3/2021,0.73993,0.711071,1.25518
9/6/2021,0.744502,0.71519,1.25303
9/7/2021,0.743671,0.713659,1.25343
9/8/2021,0.73866,0.709759,1.26464
9/9/2021,0.736377,0.709829,1.2694
9/10/2021,0.737083,0.71051,1.26626
9/13/2021,0.736811,0.711658,1.26795
9/14/2021,0.73659,0.71146,1.2648
9/15/2021,0.73171,0.709572,1.269
9/16/2021,0.73412,0.713201,1.26181
9/17/2021,0.72915,0.70709,1.26815
9/20/2021,0.726401,0.703359,1.2764
9/21/2021,0.72597,0.701769,1.28024
9/22/2021,0.7228,0.699731,1.28208
9/23/2021,0.7234,0.6991,1.27859
9/24/2021,0.72998,0.706539,1.2662
9/27/2021,0.726612,0.701661,1.26494
9/28/2021,0.72806,0.700791,1.26262
9/29/2021,0.724428,0.696001,1.2677
9/30/2021,0.718,0.687238,1.27538
10/1/2021,0.723118,0.68968,1.2684
10/4/2021,0.727521,0.694189,1.2625
10/5/2021,0.72897,0.69618,1.25898
10/6/2021,0.729075,0.69567,1.25827
10/7/2021,0.728141,0.691582,1.25862
10/8/2021,0.73168,0.693818,1.2547
10/11/2021,0.72949,0.692161,1.24841
10/12/2021,0.73484,0.694329,1.24804
10/13/2021,0.733509,0.692559,1.24761
10/14/2021,0.738607,0.697228,1.24368
10/15/2021,0.74138,0.703571,1.23746
10/18/2021,0.742479,0.708461,1.23737
10/19/2021,0.7417,0.70919,1.23722
10/20/2021,0.747719,0.715569,1.2354
10/21/2021,0.75153,0.71987,1.23244
10/22/2021,0.74637,0.715599,1.23703
10/25/2021,0.74691,0.715072,1.23713
10/26/2021,0.74918,0.71662,1.2379
10/27/2021,0.751298,0.71681,1.23914
10/28/2021,0.750075,0.716389,1.23697
10/29/2021,0.75316,0.719512,1.23461
11/1/2021,0.751829,0.717648,1.23829
11/2/2021,0.75205,0.717921,1.23739
11/3/2021,0.7439,0.712581,1.2408
11/4/2021,0.7469,0.717628,1.23778
11/5/2021,0.740933,0.71097,1.2451
11/8/2021,0.73959,0.710919,1.24508
11/9/2021,0.74148,0.71625,1.24422
11/10/2021,0.73762,0.71252,1.2436
11/11/2021,0.733412,0.706679,1.24865
11/12/2021,0.7292,0.7024,1.25885
11/15/2021,0.733251,0.70432,1.25453
11/16/2021,0.73449,0.704171,1.2514
11/17/2021,0.730161,0.6992,1.25657
11/18/2021,0.72686,0.700378,1.26112
11/19/2021,0.7279,0.70421,1.26035
11/22/2021,0.72317,0.699139,1.26535
11/23/2021,0.722804,0.694961,1.27013
11/24/2021,0.72222,0.695289,1.26759
11/25/2021,0.7202,0.687531,1.26617
11/26/2021,0.71737,0.684439,1.26637
11/29/2021,0.714281,0.682631,1.27248
11/30/2021,0.71458,0.683069,1.2738
12/1/2021,0.7125,0.682491,1.27743
12/2/2021,0.71076,0.68141,1.28109
12/3/2021,0.70878,0.681208,1.28177
12/6/2021,0.70179,0.67574,1.2817
12/7/2021,0.70492,0.674969,1.2762
12/8/2021,0.71226,0.67862,1.26458
12/9/2021,0.717,0.680828,1.26522
12/10/2021,0.714612,0.679569,1.27084
12/13/2021,0.71661,0.679588,1.27199
12/14/2021,0.713318,0.675201,1.28076
12/15/2021,0.7106,0.673632,1.28671
12/16/2021,0.71665,0.67781,1.28365
12/17/2021,0.717561,0.679629,1.27797
12/20/2021,0.711698,0.67316,1.28985
12/21/2021,0.71095,0.671312,1.2936
12/22/2021,0.71478,0.676599,1.2923
12/23/2021,0.7214,0.680582,1.28512
12/24/2021,0.72332,0.682221,1.28239
12/27/2021,0.723129,0.681519,1.2814
12/28/2021,0.7237,0.6818,1.2787
12/29/2021,0.7234,0.68056,1.2813
12/30/2021,0.725879,0.683971,1.27826
12/31/2021,0.72498,0.683041,1.27444
